"","rowname","zvalue","pvalue","ranking"
"7","Y49.F",3.36923346966706,0.000753775519770366,7
"9","R113.S",3.17619973358093,0.0014921817459146,9
"4","A121.T",3.54359347308153,0.000394713361976961,4
"3","A149.D",3.58104327175187,0.00034222496376904,3
"1","H236.Q",5.53676874851037,3.0810292232036e-08,1
"8","S371.T",3.33373645053835,0.000856878063075581,8
"2","H388.Y",4.17720867745442,2.9510826403313e-05,2
"5","N398.K",3.52380712683194,0.000425393777159031,5
"6","V406.I",3.4153406625652,0.000637022870298228,6
"10","K418.I",3.15334605215628,0.00161410339296935,10
