"","protein","auc"
"2","DXS","0.979644503433839"
"3","GB1","0.869844250134942"
"6","PyKS","0.849753278800652"
"7","rocker","0.818176344358205"
"10","UBE2I","0.803275489330949"
"1","Bgl3","0.794615994869779"
"8","SUMO1","0.763221300673299"
"9","TPK1","0.761575564672715"
"5","LGK","0.744099037230703"
"4","HA","0.680454834486221"
